[
    {
        "idFluxo": "apl-mobile-pj-inicio",
        "dependencias": [
            "apl-mobile-pj.comum",
            "apl-mobile-pj.inicio"
        ]
    },
    {
        "idFluxo": "apl-mobile-pj-detalhes-pagamento",
        "dependencias": [
            "apl-mobile-pj.comum"
        ]
    },
    {
        "idFluxo": "apl-mobile-pj-login",
        "dependencias": [
            "apl-mobile-pj.comum",
            "apl-mobile-pj.areaAberta",
            "apl-mobile-pj.seguranca"
        ]
    },
    {
        "idFluxo": "apl-mobile-pj-home",
        "dependencias": [
            "apl-mobile-pj.comum",
            "apl-mobile-pj.areaPrincipal",
            "apl-mobile-pj.seguranca",
            "apl-mobile-pj.extrato",
            "apl-mobile-pj.autorizacaoPagamento",
            "apl-mobile-pj.orquestradorSeguranca"
        ]
    },
    {
        "idFluxo": "apl-mobile-pj-biblioteca-componente",
        "dependencias": [
            "apl-mobile-pj.comum",
            "apl-mobile-pj.bibliotecaComponente"
        ]
    },
    {
        "idFluxo": "apl-mobile-pj-novo-dispositivo",
        "dependencias": [
            "apl-mobile-pj.comum",
            "apl-mobile-pj.seguranca"
        ]
    },
    {
        "idFluxo": "apl-mobile-pj-seguranca",
        "dependencias": [
            "apl-mobile-pj.comum",
            "apl-mobile-pj.seguranca",
            "apl-mobile-pj.areaAberta"
        ]
    },
    {
        "idFluxo": "apl-mobile-pj-extrato",
        "dependencias": [
            "apl-mobile-pj.comum",
            "apl-mobile-pj.extrato"
        ]
    },
    {
        "idFluxo": "apl-mobile-pj-autorizacaoPagamento",
        "dependencias": [
            "apl-mobile-pj.comum",
            "apl-mobile-pj.autorizacaoPagamento"
        ]
    },
    {
        "idFluxo": "apl-mobile-pj-comprovante-fornecedor",
        "dependencias": [
            "apl-mobile-pj.comum",
            "apl-mobile-pj.autorizacaoPagamento"
        ]
    },
    {
        "idFluxo": "apl-mobile-pj-investimentos",
        "dependencias": [
            "apl-mobile-pj.comum",
            "apl-mobile-pj.investimentos"
        ]
    },
    {
        "idFluxo": "apl-mobile-pj-orquestrador-seguranca",
        "dependencias": [
            "apl-mobile-pj.comum",
            "apl-mobile-pj.orquestradorSeguranca",
            "apl-mobile-pj.seguranca",
            "apl-mobile-pj.areaPrincipal"
        ]
    },
    {
        "idFluxo": "apl-mobile-pj-ativar-token",
        "dependencias": [
            "apl-mobile-pj.comum",
            "apl-mobile-pj.seguranca"
        ]
    }
]