{
    "@bem-vindo": "Bem vindo!",
    "@texto-inicio-ativacao" : "A partir de agora, você inciará o processo de ativação do Safra Token Celular e contará com mais agilidade nas consultas e transações realizadas no seu aplicativo Safra.",
    "@digite-dados" : "Digite abaixo seus dados solicitados e dê início a ativação.",
    "@shortname" : "Shortname",
    "@username" : "Username",
    "@shortname-nao-informado" : "Shortname não informado.",
    "@username-nao-informado" : "Username não informado.",
    "@shortname-8-caracteres" : "Shortname deve conter 8 caracteres.",
    "@username-8-caracteres" : "Username deve conter 8 caracteres.",
    "@confirmar" : "CONFIRMAR",
    "@confirme-senha" : "Confirme sua senha.",
    "@senha-eletronica" : "Senha eletrônica",
    "@senha-eletronica-8-caracteres" : "Senha eletrônica deve conter 8 caracteres.",
    "@senha-eletronica-nao-informada" : "Senha eletrônica não informada.",
    "@texto-contato-atendimento-master" : "A Central de Atendimento entrará em contato para continuar este procedimento. Caso já possua o código de ativação, digite abaixo.",
    "@texto-contato-atendimento" : "Caso já possua o código de ativação, digite abaixo. Caso não possua o código de ativação e deseja gerá-lo, clique em Gerar Novo Código e aguarde o contato da Central de Atendimento.",
    "@codigo-ativacao" : "Código de ativação",
    "@contato-central-suporte" : "Nossa Central de Suporte PJ ainda não entrou em contato?",
    "@gerar" : "GERAR",
    "@novo-codigo" : "NOVO CÓDIGO"
}