{
    "@autorizacao" : "Autorização",
    "@fornecedores": "FORNECEDORES",
    "@tributos": "TRIBUTOS",
    "@por": "Por",
    "@modalidade" : "Modalidade",
    "@conta" : "Conta",
    "@pagamentos" : "Pagamentos",
    "@conta-em-uso" : "Conta em uso",
    "@ted" : "TED",
    "@boletos" : "Boletos",
    "@mais" : "Mais",
    "@data" : "Data",
    "@favorecido" : "Favorecido",
    "@valor" : "Valor (R$)",
    "@autorizar" : "Autorizar",
    "@total" : "TOTAL",
    "@selecionado" : "Selecionado",
    "@empresa-ou-conta" : "EMPRESA OU CONTA",
    "@quantidade" : "Quantidade",
    "@filtrar" : "Filtrar",
    "@ate" : "até",
    "@cpf-cnpj" : "CPF / CNPJ",
    "@confirmar" : "Confirmar",
    "@texto-valor-maximo" : "* O valor máximo sempre varia de acordo com o valor do maior pagamento disponível.",
    "@total-sumarizador" : "Total",
    "@selecionado-sumarizador" : "Selecionado",
    "@quantidade-selecionada" : "Quantidade selecionada",
    "@valor-total" : "Valor total",
    "@autorizar-25-pagamentos" : "Só é possível autorizar 25 pagamentos por vez.",
    "@o-que-deseja-fazer" : "O que deseja fazer?",
    "@DDA" : "DDA",
    "@DOC" : "DOC",
    "@transferencia-entre-contas" : "Trans. entre contas",
    "@cheque-adm" : "Cheque adm",
    "@dados-da-operacao" : "Dados da operação",
    "@nome-do-beneficiario" : "Nome do beneficiário",
    "@cpf-barra-cnpj" : "CPF/CNPJ",
    "@Banco" : "Banco",
    "@agencia" : "Agência",
    "@conta-corrente" : "Conta Corrente",
    "@valor-minusculo" : "Valor",
    "@data-da-transferencia" : "Data da transferência",
    "@finalidade" : "Finalidade",
    "@numero-do-compromisso" : "Número do compromisso",
    "@data-de-emissao" : "Data da emissão",
    "@dados-do-beneficiario" : "Dados do beneficiário",
    "@autenticacao" : "Autenticação",
    "@comprovante-de-ordem-de-pagamento" : "Comprovante de ordem de pagamento",
    "@comprovante-de-transferencia-entre-contas" : "Comprovante de transferência entre contas",
    "@comprovante-de-transferencia-DOC" : "Comprovante de transferência (DOC)",
    "@comprovante-de-pagamento-de-boletos" : "Comprovante de pagamento de boletos",
    "@comprovante-de-transferencia-TED" : "Comprovante de transferência (TED)",
    "@dados-do-remetente" : "Dados do remetente",
    "@nome-do-remetente" : "Nome do remetente",
    "@agencia-conta-corrente" : "Agência/Conta corrente",
    "@agencia-emissora" : "Agência emissora",
    "@data-de-vencimento" : "Data de vencimento",
    "@data-do-pagamento" : "Data do pagamento",
    "@juros-barra-multa" : "Juros/multa",
    "@desconto-opcional" : "Desconto (opcional)",
    "@total-minusculo" : "Total",
    "@identificacao-DDA" : "Identificação DDA",
    "@codigo-de-barras" : "Código de barras",
    "@exibindo-dia" : "Exibindo dia ",
    "@tipo" : "Tipo",
    "@tributos-federais" : "Federais",
    "@tributos-estaduais" : "Estaduais",
    "@tributos-municipais" : "Municipais",
    "@servicos-publicos" : "Serviços Públicos",
    "@tipo-tributos" : "Tributos",
    "@numero-compromisso" : "Número do Compromisso "
}