{
    "@gestao-maquinas" : "gestão de máquinas",
    "@alterar-senha": "alterar senha",
    "@pendentes": "pendentes",
    "@liberadas": "liberadas",
    "@maquina-usuario": "máquina/usuário",
    "@inclusao": "inclusão",
    "@validade" : "validade",
    "@nao-maquinas-pendentes" : "Não existem máquinas <br> pendentes de autorização",
    "@nao-maquinas-liberadas": "Não existem <br> máquinas liberadas",
    "@liberar" : "liberar",
    "@excluir": "excluir",
    "@tem-certeza": "Tem certeza que deseja excluir a(s) <br> máquina(s) selecionada(s)?",
    "@continuar": "continuar",
    "@tem-certeza-liberar": "Tem certeza que deseja liberar a(s) <br> máquina(s) selecionada(s)?",
    "@sucesso-exclusao": "As máquinas selecionadas <br> foram excluídas com sucesso.",
    "@voltar": "voltar",
    "@sucesso-liberacao": "As máquinas selecionadas <br>foram liberadas com sucesso.",
    "@confirmar":"CONFIRMAR",
    "@informe-dados-senha":"Informe seus dados para alterar sua senha",
    "@senha-atual": "Senha atual",
    "@nova-senha" : "Nova senha",
    "@confirma-senha" : "Confirme sua nova senha",
    "@senha-atual-nao-informada" : "Senha atual não informada",
    "@senha-atual-tamanho" : "Senha atual deve conter 8 caracteres",
    "@nova-senha-nao-informada" : "Nova senha não informada",
    "@nova-senha-tamanho" : "Nova senha deve conter 8 caracteres",
    "@confirmacao-nao-informada" : "Confirmação não informada",
    "@confirmacao-tamanho" : "Confirmação deve conter 8 caracteres",
    "@confirmacao-deve-ser-igual" : "A confirmação deve ser igual a nova senha.",
    "@senha-alterada-nao-pode-ser-igual" : "A senha alterada não pode ser igual a senha atual, favor preencher novamente.",
    "@token-tamanho" : "Token deve conter 6 caracteres",
    "@senha-tamanho" : "Senha deve conter 8 caracteres",
    "@senha-nao-informada" : "Senha não informada",
    "@token-nao-informado" : "Código não informado",
    "@maquina": "MÁQUINA"
}