{
    "@extrato-de-movimentacao": "extrato de movimentação",
    "@extrato-erro-listar-extrato": "Estamos enfrentando problemas<br>técnicos para exibir seu extrato.",
    "@tentar-novamente": "Tentar Novamente",
    "@conta-em-uso": "Conta em Uso",
    "@saldo-mais-limite": "Saldo + Limite Disp. (R$)",
    "@saldo": "Saldo (R$)",
    "@limite-disponivel": "Limite Disponível (R$)",
    "@saldo-bloqueado": "Saldo Bloqueado (R$)",
    "@ultimos-lancamentos": "últimos lançamentos",
    "@lancamentos-futuros": "lançamentos futuros",
    "@data": "data",
    "@tipo": "tipo",
    "@valor": "valor (R$)",
    "@todos": "todos",
    "@apenas-debitos": "apenas débitos",
    "@apenas-creditos": "apenas créditos",
    "@exibindo-de": "Exibindo periodo de ",
    "@ate": " até ",
    "@extrato-erro-funcao-indisponivel":"Função temporariamente indisponível"
}