{
    "trabalho": {
        "IdTrabalho": "",
        "permissionamento": "",
        "listaMaquinasPendentes": "",
        "nomeClienteUltimoAcesso": "",
        "lembrarShortname": "",
        "dataUltimoAcesso": "",
        "permissoesAcesso": "",
        "listaAutorizacaoPagamentos": "",
        "estadoAutorizacao": "",
        "pagamentoDetalhadoFornecedor": "",
        "situacaoNavegada": "",
        "dadosLogin" : "",
        "cadastrarMaquinaLogin" : "",
        "tokenSerial" : "",
        "usuarioLogadoSemPermissaoMaquinas" : ""
    }
}