{
    "@titulo": "Cadastro de Dispositivo",
    "@bem-vindo": "Bem vindo,",
    "@primeiro-acesso": "Este é o seu primeiro acesso ao aplicativo do Safra neste dispositivo. Para Acessar o internet banking você precisará cadastrar este dispositivo.",
    "@deseja-cadastrar": "Deseja cadastrar este dispositivo?",
    "@continuar": "continuar",
    "@declaro-leitura": "Declaro que li e aceito os termos acima",
    "@proximo": "próximo",
    "@apelido": "Apelido do dispositivo",
    "@apelido-nao-informado": "Apelido não foi informado",
    "@prazo-liberacao": "Prazo de liberação",
    "@prazo-indeterminado": "Prazo indeterminado",
    "@ate-dia": "Até o dia",
    "@data-invalida": "Data inválida",
    "@prezado-cliente": "Prezado(a) Cliente,",
    "@texto-legal": "O cadastramento de máquinas (computadores e dispositivos móveis) é um recurso adicional para garantir ainda mais segurança às suas transações eletrônicas.<br/>Este recurso não dispensa os demais cuidados usuais para acesso à Internet, como a utilização de Antivírus e Firewall.<br/><br/>O cadastro é simples e rápido , basta preencher os campos solicitados e seguir as demais instruções.<br/><br/>Em caso de dúvidas consulte a Central de Suporte Pessoa Jurídica:<br/>Capital e Grande São Paulo (11) 3175-8248<br/>Demais localidades 0300 015 7575",
    "@seguranca": "segurança",
    "@confirme-dados-seg": "Confirme seus dados de segurança",
    "@senha": "Senha eletrônica",
    "@token": "Token",
    "@confirmar": "confirmar",
    "@voltar-inicio": "voltar para o início",
    "@texto-fim-p1": "Agora que o seu dispositivo foi cadastrado,",
    "@texto-fim-p2": "entre em contato com a Central de Atendimento",
    "@texto-fim-p3": "nos números",
    "@texto-fim-p4": "(11) 3175 8248 ou 0300 015 7575",
    "@texto-fim-p5": ", e solicite a liberação do dispositivo para poder acessar o Safra.",
    "@senha-nao-informada": "Senha não informada"
}