{
    "@situacao": "SITUAÇÃO",
    "@qtde": "QTDE",
    "@valor": "VALOR(R$)",
    "@valorMinusculo": "Valor",
    "@data": "DATA",
    "@favorecido": "FAVORECIDO",
    "@pagamento-pendente-mensagem": "* Pagamentos pendentes de autorização por parte de outros usuários",
    "@quantidade": "Quantidade",
    "@moeda": "R$",
    "@clique-icone-comprovante" : "Clique no ícone para compartilhar seu comprovante. <br/> Ou acesse, a qualquer momento, no Internet Banking pelo computador.",
    "@pagamentos-pendentes-autorizacao" : "*Pagamentos pendentes de autorização por parte de outros usuários.",
    "@exibir": "EXIBIR",
    "@naoExibir": "NÃO EXIBIR",
    "@alertaExibicao": "Atenção!",
    "@mensagemAlertaExibicao": "Ao exibir o comprovante, não será possível alterar ou cancelar o pagamento deste compromisso.",
    "@mensagemAlertaExibicaoCadastroToken": "Você já possui outro dispositivo móvel associado ao Safra Token Celular. Caso cadastre este dispositivo, o outro será desativado automaticamente.",
    "@perguntaAlertaExbicao": "O que deseja fazer",
    "@cadastrar-token" : "CADASTRAR TOKEN CELULAR",
    "@nao-cadastrar-token" : "NÃO CADASTRAR TOKEN CELULAR"    
}